﻿<mockup version="4.9" minAllowVersion="4.9" ID="1CBDDA6D-3DD5-E711-9E7D-784F439CD053" platform="MtWeb" defaultW="1100" defaultH="800" measureW="1100" measureH="800" mobileScreenScale="0">
  <controls controlCount="50">
    <control controlID="108397AA-34D0-E711-BD88-784F439CD053" controlTypeID="Shape" x="0" y="0" w="1100" h="59" zOrder="0">
      <color>4278190080</color>
      <font family=".AppleSystemUIFont" displayName="" postScript="" weightStyle="" weight="0" isBold="False" isItalic="False"/>
      <textSize>14</textSize>
      <lineSpacing>17</lineSpacing>
      <selectedIndex>-1</selectedIndex>
    </control>
    <control controlID="2616BAB3-19D5-E711-9E7D-784F439CD053" controlTypeID="Image" x="10" y="6" w="49" h="49" zOrder="1">
      <URL>49D3C5BCB9CA4ADC9722998339A0C7FB.png</URL>
    </control>
    <control controlID="76E6FF01-1AD5-E711-9E7D-784F439CD053" controlTypeID="Label" x="75" y="11" w="126" h="38" zOrder="2">
      <font family=".AppleSystemUIFont" displayName="" postScript="" weightStyle="" weight="0" isBold="False" isItalic="False"/>
      <text>BioWars</text>
      <textColor>4294967295</textColor>
      <textSize>32</textSize>
      <lineSpacing>38</lineSpacing>
      <useDefaultTextSize>False</useDefaultTextSize>
      <selectedIndex>-1</selectedIndex>
    </control>
    <control controlID="F2A8333E-1BD5-E711-9E7D-784F439CD053" controlTypeID="Image" x="0" y="85" w="1100" h="705" zOrder="3">
      <URL>FA0E20249BB4D6036417E2E9FC5B6469.png</URL>
    </control>
    <control controlID="1CD04FBB-1CD5-E711-9E7D-784F439CD053" controlTypeID="Panel" x="59" y="117" w="478" h="625" zOrder="4">
      <groupChildrenDescriptors>
        <control controlID="76E44FBB-1CD5-E711-9E7D-784F439CD053" controlTypeID="Border" x="0" y="0" w="478" h="625" zOrder="0">
          <alias>borderLayer</alias>
        </control>
      </groupChildrenDescriptors>
      <thinkness>1</thinkness>
    </control>
    <control controlID="7A9A307F-3BD5-E711-9E7D-784F439CD053" controlTypeID="Shape" x="59" y="117" w="478" h="63" zOrder="5">
      <color>4284900966</color>
      <font family=".AppleSystemUIFont" displayName="" postScript="" weightStyle="" weight="0" isBold="False" isItalic="False"/>
      <textSize>14</textSize>
      <lineSpacing>17</lineSpacing>
      <selectedIndex>-1</selectedIndex>
    </control>
    <control controlID="ACBF1F43-1DD5-E711-9E7D-784F439CD053" controlTypeID="Label" x="264" y="134" w="75" h="29" zOrder="6">
      <font family=".AppleSystemUIFont" displayName="" postScript="" weightStyle="" weight="0" isBold="False" isItalic="False"/>
      <text>Lobby</text>
      <textColor>4294967295</textColor>
      <textSize>24</textSize>
      <lineSpacing>28</lineSpacing>
      <useDefaultTextSize>False</useDefaultTextSize>
      <selectedIndex>-1</selectedIndex>
    </control>
    <control controlID="A48A5945-3CD5-E711-9E7D-784F439CD053" controlTypeID="Shape" x="59" y="219" w="478" h="67" zOrder="7">
      <font family=".AppleSystemUIFont" displayName="" postScript="" weightStyle="" weight="0" isBold="False" isItalic="False"/>
      <textSize>14</textSize>
      <lineSpacing>17</lineSpacing>
      <selectedIndex>-1</selectedIndex>
    </control>
    <control controlID="1C8B5945-3CD5-E711-9E7D-784F439CD053" controlTypeID="Shape" x="59" y="286" w="478" h="67" zOrder="8">
      <font family=".AppleSystemUIFont" displayName="" postScript="" weightStyle="" weight="0" isBold="False" isItalic="False"/>
      <textSize>14</textSize>
      <lineSpacing>17</lineSpacing>
      <selectedIndex>-1</selectedIndex>
    </control>
    <control controlID="168C5945-3CD5-E711-9E7D-784F439CD053" controlTypeID="Label" x="73" y="237" w="23" h="33" zOrder="9">
      <font family=".AppleSystemUIFont" displayName="" postScript="" weightStyle="" weight="0" isBold="False" isItalic="False"/>
      <text>1</text>
      <textSize>28</textSize>
      <lineSpacing>33</lineSpacing>
      <useDefaultTextSize>False</useDefaultTextSize>
      <selectedIndex>-1</selectedIndex>
    </control>
    <control controlID="708C5945-3CD5-E711-9E7D-784F439CD053" controlTypeID="Label" x="73" y="303" w="27" h="33" zOrder="10">
      <font family=".AppleSystemUIFont" displayName="" postScript="" weightStyle="" weight="0" isBold="False" isItalic="False"/>
      <text>2</text>
      <textSize>28</textSize>
      <lineSpacing>33</lineSpacing>
      <useDefaultTextSize>False</useDefaultTextSize>
      <selectedIndex>-1</selectedIndex>
    </control>
    <control controlID="008E5945-3CD5-E711-9E7D-784F439CD053" controlTypeID="Label" x="152" y="239" w="162" h="29" zOrder="11">
      <font family=".AppleSystemUIFont" displayName="" postScript="" weightStyle="" weight="0" isBold="False" isItalic="False"/>
      <text>Mickey+Mouse</text>
      <textSize>24</textSize>
      <lineSpacing>28</lineSpacing>
      <useDefaultTextSize>False</useDefaultTextSize>
      <selectedIndex>-1</selectedIndex>
    </control>
    <control controlID="508E5945-3CD5-E711-9E7D-784F439CD053" controlTypeID="Label" x="150" y="305" w="146" h="29" zOrder="12">
      <font family=".AppleSystemUIFont" displayName="" postScript="" weightStyle="" weight="0" isBold="False" isItalic="False"/>
      <text>Donald+Duck</text>
      <textSize>24</textSize>
      <lineSpacing>28</lineSpacing>
      <useDefaultTextSize>False</useDefaultTextSize>
      <selectedIndex>-1</selectedIndex>
    </control>
    <control controlID="408F5945-3CD5-E711-9E7D-784F439CD053" controlTypeID="Label" x="385" y="241" w="42" h="24" zOrder="13">
      <font family=".AppleSystemUIFont" displayName="" postScript="" weightStyle="" weight="0" isBold="False" isItalic="False"/>
      <text>100</text>
      <textSize>20</textSize>
      <lineSpacing>23</lineSpacing>
      <useDefaultTextSize>False</useDefaultTextSize>
      <selectedIndex>-1</selectedIndex>
    </control>
    <control controlID="D0905945-3CD5-E711-9E7D-784F439CD053" controlTypeID="Label" x="383" y="307" w="42" h="24" zOrder="14">
      <font family=".AppleSystemUIFont" displayName="" postScript="" weightStyle="" weight="0" isBold="False" isItalic="False"/>
      <text>100</text>
      <textSize>20</textSize>
      <lineSpacing>23</lineSpacing>
      <useDefaultTextSize>False</useDefaultTextSize>
      <selectedIndex>-1</selectedIndex>
    </control>
    <control controlID="62B8EE50-3CD5-E711-9E7D-784F439CD053" controlTypeID="Label" x="171" y="594" w="262" h="29" zOrder="15">
      <links eventType="AtClick" animate="AmNone" animateAutoDelay="0" animateDuration="500">
        <link targetPageID="80AF24D1-3ED5-E711-9E7D-784F439CD053" linkType="ltPageLink" isApplyIncludePage="False" title="GamePlay">
          <area shape="0" alt="" ID="{D23A2963-24D6-E711-975D-784F439CD053}" coords="(0,0,262,29)"/>
        </link>
      </links>
      <font family=".AppleSystemUIFont" displayName="" postScript="" weightStyle="" weight="0" isBold="False" isItalic="False"/>
      <text>Status%3A+Starting+Game...</text>
      <textSize>24</textSize>
      <lineSpacing>28</lineSpacing>
      <useDefaultTextSize>False</useDefaultTextSize>
      <selectedIndex>-1</selectedIndex>
    </control>
    <control controlID="D61A9F97-3CD5-E711-9E7D-784F439CD053" controlTypeID="Panel" x="565" y="117" w="478" h="625" zOrder="16">
      <groupChildrenDescriptors>
        <control controlID="621B9F97-3CD5-E711-9E7D-784F439CD053" controlTypeID="Border" x="0" y="0" w="478" h="625" zOrder="0">
          <alias>borderLayer</alias>
        </control>
      </groupChildrenDescriptors>
      <thinkness>1</thinkness>
    </control>
    <control controlID="9A8DB79D-3CD5-E711-9E7D-784F439CD053" controlTypeID="Shape" x="565" y="117" w="478" h="63" zOrder="17">
      <color>4284900966</color>
      <font family=".AppleSystemUIFont" displayName="" postScript="" weightStyle="" weight="0" isBold="False" isItalic="False"/>
      <textSize>14</textSize>
      <lineSpacing>17</lineSpacing>
      <selectedIndex>-1</selectedIndex>
    </control>
    <control controlID="268EB79D-3CD5-E711-9E7D-784F439CD053" controlTypeID="Label" x="770" y="134" w="60" h="29" zOrder="18">
      <font family=".AppleSystemUIFont" displayName="" postScript="" weightStyle="" weight="0" isBold="False" isItalic="False"/>
      <text>Chat</text>
      <textColor>4294967295</textColor>
      <textSize>24</textSize>
      <lineSpacing>28</lineSpacing>
      <useDefaultTextSize>False</useDefaultTextSize>
      <selectedIndex>-1</selectedIndex>
    </control>
    <control controlID="C0BB33BE-3CD5-E711-9E7D-784F439CD053" controlTypeID="Label" x="150" y="197" w="46" h="17" zOrder="19">
      <font family=".AppleSystemUIFont" displayName="" postScript="" weightStyle="" weight="0" isBold="False" isItalic="False"/>
      <text>Player</text>
      <lineSpacing>17</lineSpacing>
      <selectedIndex>-1</selectedIndex>
    </control>
    <control controlID="B075B6C8-3CD5-E711-9E7D-784F439CD053" controlTypeID="Label" x="385" y="198" w="38" h="17" zOrder="20">
      <font family=".AppleSystemUIFont" displayName="" postScript="" weightStyle="" weight="0" isBold="False" isItalic="False"/>
      <text>Rank</text>
      <lineSpacing>17</lineSpacing>
      <selectedIndex>-1</selectedIndex>
    </control>
    <control controlID="F4CCD008-3DD5-E711-9E7D-784F439CD053" controlTypeID="TextInput" x="565" y="714" w="368" h="28" zOrder="21">
      <font family=".AppleSystemUIFont" displayName="" postScript="" weightStyle="" weight="0" isBold="False" isItalic="False"/>
      <text>Enter+message...</text>
      <lineSpacing>17</lineSpacing>
      <selectedIndex>-1</selectedIndex>
    </control>
    <control controlID="B895CC1B-3DD5-E711-9E7D-784F439CD053" controlTypeID="Button" x="933" y="714" w="110" h="28" zOrder="22">
      <color>4278229503</color>
      <font family=".AppleSystemUIFont" displayName="" postScript="" weightStyle="" weight="0" isBold="False" isItalic="False"/>
      <text>Send...</text>
      <lineSpacing>17</lineSpacing>
      <selectedIndex>-1</selectedIndex>
      <radius>4</radius>
    </control>
    <control controlID="840BDC2E-3DD5-E711-9E7D-784F439CD053" controlTypeID="Label" x="575" y="190" w="103" h="17" zOrder="23">
      <font family=".AppleSystemUIFont" displayName="" postScript="" weightStyle="" weight="0" isBold="False" isItalic="False"/>
      <text>Mickey+Mouse%3A</text>
      <lineSpacing>17</lineSpacing>
      <selectedIndex>-1</selectedIndex>
    </control>
    <control controlID="2E804844-3DD5-E711-9E7D-784F439CD053" controlTypeID="Label" x="575" y="244" w="103" h="17" zOrder="24">
      <font family=".AppleSystemUIFont" displayName="" postScript="" weightStyle="" weight="0" isBold="False" isItalic="False"/>
      <text>Mickey+Mouse%3A</text>
      <lineSpacing>17</lineSpacing>
      <selectedIndex>-1</selectedIndex>
    </control>
    <control controlID="520DD538-3DD5-E711-9E7D-784F439CD053" controlTypeID="Label" x="575" y="217" w="93" h="17" zOrder="25">
      <font family=".AppleSystemUIFont" displayName="" postScript="" weightStyle="" weight="0" isBold="False" isItalic="False"/>
      <text>Donald+Duck%3A</text>
      <lineSpacing>17</lineSpacing>
      <selectedIndex>-1</selectedIndex>
    </control>
    <control controlID="CE804844-3DD5-E711-9E7D-784F439CD053" controlTypeID="Label" x="575" y="271" w="93" h="17" zOrder="26">
      <font family=".AppleSystemUIFont" displayName="" postScript="" weightStyle="" weight="0" isBold="False" isItalic="False"/>
      <text>Donald+Duck%3A</text>
      <lineSpacing>17</lineSpacing>
      <selectedIndex>-1</selectedIndex>
    </control>
    <control controlID="FAF5D349-3DD5-E711-9E7D-784F439CD053" controlTypeID="Label" x="688" y="190" w="85" h="17" zOrder="27">
      <font family=".AppleSystemUIFont" displayName="" postScript="" weightStyle="" weight="0" isBold="False" isItalic="False"/>
      <text>Hey+Donald.</text>
      <lineSpacing>17</lineSpacing>
      <selectedIndex>-1</selectedIndex>
    </control>
    <control controlID="0EE3F94F-3DD5-E711-9E7D-784F439CD053" controlTypeID="Label" x="688" y="217" w="81" h="17" zOrder="28">
      <font family=".AppleSystemUIFont" displayName="" postScript="" weightStyle="" weight="0" isBold="False" isItalic="False"/>
      <text>Hey+Mickey</text>
      <lineSpacing>17</lineSpacing>
      <selectedIndex>-1</selectedIndex>
    </control>
    <control controlID="90399455-3DD5-E711-9E7D-784F439CD053" controlTypeID="Label" x="688" y="244" w="94" h="17" zOrder="29">
      <font family=".AppleSystemUIFont" displayName="" postScript="" weightStyle="" weight="0" isBold="False" isItalic="False"/>
      <text>Watcha+doin%3F</text>
      <lineSpacing>17</lineSpacing>
      <selectedIndex>-1</selectedIndex>
    </control>
    <control controlID="1257105D-3DD5-E711-9E7D-784F439CD053" controlTypeID="Label" x="688" y="271" w="61" h="17" zOrder="30">
      <font family=".AppleSystemUIFont" displayName="" postScript="" weightStyle="" weight="0" isBold="False" isItalic="False"/>
      <text>Kickin+it.</text>
      <lineSpacing>17</lineSpacing>
      <selectedIndex>-1</selectedIndex>
    </control>
    <control controlID="88C1C689-3DD5-E711-9E7D-784F439CD053" controlTypeID="Shape" x="59" y="353" w="478" h="67" zOrder="31">
      <font family=".AppleSystemUIFont" displayName="" postScript="" weightStyle="" weight="0" isBold="False" isItalic="False"/>
      <textSize>14</textSize>
      <lineSpacing>17</lineSpacing>
      <selectedIndex>-1</selectedIndex>
    </control>
    <control controlID="0AC2C689-3DD5-E711-9E7D-784F439CD053" controlTypeID="Label" x="73" y="370" w="27" h="33" zOrder="32">
      <font family=".AppleSystemUIFont" displayName="" postScript="" weightStyle="" weight="0" isBold="False" isItalic="False"/>
      <text>3</text>
      <textSize>28</textSize>
      <lineSpacing>33</lineSpacing>
      <useDefaultTextSize>False</useDefaultTextSize>
      <selectedIndex>-1</selectedIndex>
    </control>
    <control controlID="6EC2C689-3DD5-E711-9E7D-784F439CD053" controlTypeID="Label" x="150" y="372" w="159" h="29" zOrder="33">
      <font family=".AppleSystemUIFont" displayName="" postScript="" weightStyle="" weight="0" isBold="False" isItalic="False"/>
      <text>Donald+Trump</text>
      <textSize>24</textSize>
      <lineSpacing>28</lineSpacing>
      <useDefaultTextSize>False</useDefaultTextSize>
      <selectedIndex>-1</selectedIndex>
    </control>
    <control controlID="C8C2C689-3DD5-E711-9E7D-784F439CD053" controlTypeID="Label" x="383" y="374" w="42" h="24" zOrder="34">
      <font family=".AppleSystemUIFont" displayName="" postScript="" weightStyle="" weight="0" isBold="False" isItalic="False"/>
      <text>100</text>
      <textSize>20</textSize>
      <lineSpacing>23</lineSpacing>
      <useDefaultTextSize>False</useDefaultTextSize>
      <selectedIndex>-1</selectedIndex>
    </control>
    <control controlID="9E559395-3DD5-E711-9E7D-784F439CD053" controlTypeID="Shape" x="59" y="420" w="478" h="67" zOrder="35">
      <font family=".AppleSystemUIFont" displayName="" postScript="" weightStyle="" weight="0" isBold="False" isItalic="False"/>
      <textSize>14</textSize>
      <lineSpacing>17</lineSpacing>
      <selectedIndex>-1</selectedIndex>
    </control>
    <control controlID="20569395-3DD5-E711-9E7D-784F439CD053" controlTypeID="Label" x="73" y="437" w="28" h="33" zOrder="36">
      <font family=".AppleSystemUIFont" displayName="" postScript="" weightStyle="" weight="0" isBold="False" isItalic="False"/>
      <text>4</text>
      <textSize>28</textSize>
      <lineSpacing>33</lineSpacing>
      <useDefaultTextSize>False</useDefaultTextSize>
      <selectedIndex>-1</selectedIndex>
    </control>
    <control controlID="7A569395-3DD5-E711-9E7D-784F439CD053" controlTypeID="Label" x="150" y="439" w="151" h="29" zOrder="37">
      <font family=".AppleSystemUIFont" displayName="" postScript="" weightStyle="" weight="0" isBold="False" isItalic="False"/>
      <text>Hilary+Clinton</text>
      <textSize>24</textSize>
      <lineSpacing>28</lineSpacing>
      <useDefaultTextSize>False</useDefaultTextSize>
      <selectedIndex>-1</selectedIndex>
    </control>
    <control controlID="D4569395-3DD5-E711-9E7D-784F439CD053" controlTypeID="Label" x="383" y="441" w="42" h="24" zOrder="38">
      <font family=".AppleSystemUIFont" displayName="" postScript="" weightStyle="" weight="0" isBold="False" isItalic="False"/>
      <text>100</text>
      <textSize>20</textSize>
      <lineSpacing>23</lineSpacing>
      <useDefaultTextSize>False</useDefaultTextSize>
      <selectedIndex>-1</selectedIndex>
    </control>
    <control controlID="881B7FA4-3DD5-E711-9E7D-784F439CD053" controlTypeID="Label" x="575" y="298" w="101" h="17" zOrder="39">
      <font family=".AppleSystemUIFont" displayName="" postScript="" weightStyle="" weight="0" isBold="False" isItalic="False"/>
      <text>Donald+Trump%3A</text>
      <lineSpacing>17</lineSpacing>
      <selectedIndex>-1</selectedIndex>
    </control>
    <control controlID="141C7FA4-3DD5-E711-9E7D-784F439CD053" controlTypeID="Label" x="688" y="298" w="224" h="17" zOrder="40">
      <font family=".AppleSystemUIFont" displayName="" postScript="" weightStyle="" weight="0" isBold="False" isItalic="False"/>
      <text>Here+to+make+BioWars+great+again</text>
      <lineSpacing>17</lineSpacing>
      <selectedIndex>-1</selectedIndex>
    </control>
    <control controlID="F6703FB7-3DD5-E711-9E7D-784F439CD053" controlTypeID="Label" x="575" y="325" w="101" h="17" zOrder="41">
      <font family=".AppleSystemUIFont" displayName="" postScript="" weightStyle="" weight="0" isBold="False" isItalic="False"/>
      <text>Donald+Trump%3A</text>
      <lineSpacing>17</lineSpacing>
      <selectedIndex>-1</selectedIndex>
    </control>
    <control controlID="5A713FB7-3DD5-E711-9E7D-784F439CD053" controlTypeID="Label" x="688" y="325" w="303" h="17" zOrder="42">
      <font family=".AppleSystemUIFont" displayName="" postScript="" weightStyle="" weight="0" isBold="False" isItalic="False"/>
      <text>Im+the+best+BioWars+player.+Ever.+No+question.</text>
      <lineSpacing>17</lineSpacing>
      <selectedIndex>-1</selectedIndex>
    </control>
    <control controlID="424535C9-3DD5-E711-9E7D-784F439CD053" controlTypeID="Label" x="575" y="352" w="96" h="17" zOrder="43">
      <font family=".AppleSystemUIFont" displayName="" postScript="" weightStyle="" weight="0" isBold="False" isItalic="False"/>
      <text>Hilary+Clinton%3A</text>
      <lineSpacing>17</lineSpacing>
      <selectedIndex>-1</selectedIndex>
    </control>
    <control controlID="EC4535C9-3DD5-E711-9E7D-784F439CD053" controlTypeID="Label" x="688" y="352" w="321" h="17" zOrder="44">
      <font family=".AppleSystemUIFont" displayName="" postScript="" weightStyle="" weight="0" isBold="False" isItalic="False"/>
      <text>Donald%2C+you+can't+just+%22build+a+wall%22+in+this+game.</text>
      <lineSpacing>17</lineSpacing>
      <selectedIndex>-1</selectedIndex>
    </control>
    <control controlID="50577AF0-3DD5-E711-9E7D-784F439CD053" controlTypeID="Label" x="688" y="369" w="328" h="17" zOrder="45">
      <font family=".AppleSystemUIFont" displayName="" postScript="" weightStyle="" weight="0" isBold="False" isItalic="False"/>
      <text>The+developers+haven't+implemented+that+feature.</text>
      <lineSpacing>17</lineSpacing>
      <selectedIndex>-1</selectedIndex>
    </control>
    <control controlID="D070A298-19D6-E711-975D-784F439CD053" controlTypeID="Label" x="912" y="18" w="97" h="21" zOrder="46">
      <font family=".AppleSystemUIFont" displayName="" postScript="" weightStyle="" weight="0" isBold="False" isItalic="False"/>
      <text>Hello%2C+John</text>
      <textColor>4294967295</textColor>
      <textSize>18</textSize>
      <lineSpacing>21</lineSpacing>
      <useDefaultTextSize>False</useDefaultTextSize>
      <selectedIndex>-1</selectedIndex>
    </control>
    <control controlID="4871A298-19D6-E711-975D-784F439CD053" controlTypeID="Label" x="1019" y="18" w="63" h="21" zOrder="47">
      <links eventType="AtClick" animate="AmNone" animateAutoDelay="0" animateDuration="500">
        <link targetPageID="1A3348C0-1DD5-E711-9E7D-784F439CD053" linkType="ltPageLink" isApplyIncludePage="False" title="Login">
          <area shape="0" alt="" ID="{920411A6-24D6-E711-975D-784F439CD053}" coords="(0,0,63,21)"/>
        </link>
      </links>
      <font family=".AppleSystemUIFont" displayName="" postScript="" weightStyle="" weight="0" isBold="False" isItalic="False"/>
      <text>Logout</text>
      <textColor>4294967295</textColor>
      <textSize>18</textSize>
      <lineSpacing>21</lineSpacing>
      <useDefaultTextSize>False</useDefaultTextSize>
      <selectedIndex>-1</selectedIndex>
    </control>
  </controls>
  <param>
    <backgroundColor>4294111986</backgroundColor>
    <fontSize>14</fontSize>
    <fontFamily/>
    <guideLines/>
  </param>
</mockup>