﻿<mockup version="4.9" minAllowVersion="4.9" ID="6209B228-1ED5-E711-9E7D-784F439CD053" platform="MtWeb" defaultW="1100" defaultH="800" measureW="1100" measureH="800" mobileScreenScale="0">
  <controls controlCount="14">
    <control controlID="108397AA-34D0-E711-BD88-784F439CD053" controlTypeID="Shape" x="0" y="0" w="1100" h="59" zOrder="0">
      <color>4278190080</color>
      <font family=".AppleSystemUIFont" displayName="" postScript="" weightStyle="" weight="0" isBold="False" isItalic="False"/>
      <textSize>14</textSize>
      <lineSpacing>17</lineSpacing>
      <selectedIndex>-1</selectedIndex>
    </control>
    <control controlID="2616BAB3-19D5-E711-9E7D-784F439CD053" controlTypeID="Image" x="10" y="6" w="49" h="49" zOrder="1">
      <URL>49D3C5BCB9CA4ADC9722998339A0C7FB.png</URL>
    </control>
    <control controlID="76E6FF01-1AD5-E711-9E7D-784F439CD053" controlTypeID="Label" x="75" y="11" w="126" h="38" zOrder="2">
      <font family=".AppleSystemUIFont" displayName="" postScript="" weightStyle="" weight="0" isBold="False" isItalic="False"/>
      <text>BioWars</text>
      <textColor>4294967295</textColor>
      <textSize>32</textSize>
      <lineSpacing>38</lineSpacing>
      <useDefaultTextSize>False</useDefaultTextSize>
      <selectedIndex>-1</selectedIndex>
    </control>
    <control controlID="9E555678-1AD5-E711-9E7D-784F439CD053" controlTypeID="Label" x="912" y="18" w="97" h="21" zOrder="3">
      <font family=".AppleSystemUIFont" displayName="" postScript="" weightStyle="" weight="0" isBold="False" isItalic="False"/>
      <text>Hello%2C+John</text>
      <textColor>4294967295</textColor>
      <textSize>18</textSize>
      <lineSpacing>21</lineSpacing>
      <useDefaultTextSize>False</useDefaultTextSize>
      <selectedIndex>-1</selectedIndex>
    </control>
    <control controlID="ECB4A37D-1AD5-E711-9E7D-784F439CD053" controlTypeID="Label" x="1019" y="18" w="63" h="21" zOrder="4">
      <links eventType="AtClick" animate="AmNone" animateAutoDelay="0" animateDuration="500">
        <link targetPageID="1A3348C0-1DD5-E711-9E7D-784F439CD053" linkType="ltPageLink" isApplyIncludePage="False" title="Login">
          <area shape="0" alt="" ID="{36C4CC86-24D6-E711-975D-784F439CD053}" coords="(0,0,63,21)"/>
        </link>
      </links>
      <font family=".AppleSystemUIFont" displayName="" postScript="" weightStyle="" weight="0" isBold="False" isItalic="False"/>
      <text>Logout</text>
      <textColor>4294967295</textColor>
      <textSize>18</textSize>
      <lineSpacing>21</lineSpacing>
      <useDefaultTextSize>False</useDefaultTextSize>
      <selectedIndex>-1</selectedIndex>
    </control>
    <control controlID="48D45DAD-1ED5-E711-9E7D-784F439CD053" controlTypeID="Tab" x="0" y="59" w="1100" h="741" zOrder="5">
      <links eventType="AtClick" animate="AmNone" animateAutoDelay="0" animateDuration="500">
        <link targetPageID="6209B228-1ED5-E711-9E7D-784F439CD053" linkType="ltPageLink" isApplyIncludePage="False" title="Main+Menu">
          <area shape="0" alt="" ID="{406F012C-1DD6-E711-975D-784F439CD053}" coords="(0,0,106,25)"/>
        </link>
        <link targetPageID="B8D3F4D8-23D5-E711-9E7D-784F439CD053" linkType="ltPageLink" isApplyIncludePage="False" title="+Leaderboard">
          <area shape="0" alt="" ID="{B676012C-1DD6-E711-975D-784F439CD053}" coords="(105,0,228,25)"/>
        </link>
        <link targetPageID="6EEFC316-36D5-E711-9E7D-784F439CD053" linkType="ltPageLink" isApplyIncludePage="False" title="+My+Stats">
          <area shape="0" alt="" ID="{3877012C-1DD6-E711-975D-784F439CD053}" coords="(227,0,319,25)"/>
        </link>
        <link targetPageID="0434AF61-34D5-E711-9E7D-784F439CD053" linkType="ltPageLink" isApplyIncludePage="False" title="+Settings">
          <area shape="0" alt="" ID="{B077012C-1DD6-E711-975D-784F439CD053}" coords="(318,0,405,25)"/>
        </link>
      </links>
      <font family=".AppleSystemUIFont" displayName="" postScript="" weightStyle="" weight="0" isBold="False" isItalic="False"/>
      <text>Main+Menu%2C+Leaderboard%2C+My+Stats%2C+Settings</text>
      <textSize>18</textSize>
      <lineSpacing>21</lineSpacing>
      <useDefaultTextSize>False</useDefaultTextSize>
      <tabHeight>25</tabHeight>
    </control>
    <control controlID="5247BFE6-24D5-E711-9E7D-784F439CD053" controlTypeID="Image" x="0" y="85" w="1100" h="705" zOrder="6">
      <URL>FA0E20249BB4D6036417E2E9FC5B6469.png</URL>
    </control>
    <control controlID="042CCB1B-25D5-E711-9E7D-784F439CD053" controlTypeID="Shape" x="0" y="195" w="1100" h="59" zOrder="7">
      <color>4284900966</color>
      <font family=".AppleSystemUIFont" displayName="" postScript="" weightStyle="" weight="0" isBold="False" isItalic="False"/>
      <textSize>14</textSize>
      <lineSpacing>17</lineSpacing>
      <selectedIndex>-1</selectedIndex>
    </control>
    <control controlID="4CFF6F33-25D5-E711-9E7D-784F439CD053" controlTypeID="Shape" x="0" y="683" w="1100" h="117" zOrder="8">
      <color>4284900966</color>
      <font family=".AppleSystemUIFont" displayName="" postScript="" weightStyle="" weight="0" isBold="False" isItalic="False"/>
      <textSize>14</textSize>
      <lineSpacing>17</lineSpacing>
      <selectedIndex>-1</selectedIndex>
    </control>
    <control controlID="D072E00D-24D5-E711-9E7D-784F439CD053" controlTypeID="Button" x="412" y="364" w="277" h="58" zOrder="9">
      <color>4278229503</color>
      <links eventType="AtClick" animate="AmNone" animateAutoDelay="0" animateDuration="500">
        <link targetPageID="18500F0E-3ED5-E711-9E7D-784F439CD053" linkType="ltPageLink" isApplyIncludePage="False" title="MatchLobby_FindMatch">
          <area shape="0" alt="" ID="{DA256856-1DD6-E711-975D-784F439CD053}" coords="(0,0,277,58)"/>
        </link>
      </links>
      <font family=".AppleSystemUIFont" displayName="" postScript="" weightStyle="" weight="0" isBold="False" isItalic="False"/>
      <text>Play+Ranked+Match</text>
      <textSize>24</textSize>
      <lineSpacing>28</lineSpacing>
      <textStyles>[fsBold]</textStyles>
      <useDefaultTextSize>False</useDefaultTextSize>
      <selectedIndex>-1</selectedIndex>
      <radius>4</radius>
    </control>
    <control controlID="6EABC31C-24D5-E711-9E7D-784F439CD053" controlTypeID="Button" x="412" y="438" w="277" h="58" zOrder="10">
      <color>4278229503</color>
      <links eventType="AtClick" animate="AmNone" animateAutoDelay="0" animateDuration="500">
        <link targetPageID="18500F0E-3ED5-E711-9E7D-784F439CD053" linkType="ltPageLink" isApplyIncludePage="False" title="MatchLobby_FindMatch">
          <area shape="0" alt="" ID="{A2CB6856-1DD6-E711-975D-784F439CD053}" coords="(0,0,277,58)"/>
        </link>
      </links>
      <font family=".AppleSystemUIFont" displayName="" postScript="" weightStyle="" weight="0" isBold="False" isItalic="False"/>
      <text>Play+Unranked+Match</text>
      <textSize>24</textSize>
      <lineSpacing>28</lineSpacing>
      <textStyles>[fsBold]</textStyles>
      <useDefaultTextSize>False</useDefaultTextSize>
      <selectedIndex>-1</selectedIndex>
      <radius>4</radius>
    </control>
    <control controlID="7A15544D-24D5-E711-9E7D-784F439CD053" controlTypeID="Label" x="332" y="205" w="436" h="38" zOrder="11">
      <font family=".AppleSystemUIFont" displayName="" postScript="" weightStyle="" weight="0" isBold="False" isItalic="False"/>
      <text>Number+of+players+online%3A+100</text>
      <textColor>4278242304</textColor>
      <textSize>32</textSize>
      <lineSpacing>38</lineSpacing>
      <useDefaultTextSize>False</useDefaultTextSize>
      <selectedIndex>-1</selectedIndex>
    </control>
    <control controlID="D4A154A2-24D5-E711-9E7D-784F439CD053" controlTypeID="Label" x="326" y="699" w="447" h="38" zOrder="12">
      <font family=".AppleSystemUIFont" displayName="" postScript="" weightStyle="" weight="0" isBold="False" isItalic="False"/>
      <text>Number+of+ranked+matches%3A+10</text>
      <textColor>4294967295</textColor>
      <textSize>32</textSize>
      <lineSpacing>38</lineSpacing>
      <useDefaultTextSize>False</useDefaultTextSize>
      <selectedIndex>-1</selectedIndex>
    </control>
    <control controlID="AC4499AB-24D5-E711-9E7D-784F439CD053" controlTypeID="Label" x="308" y="747" w="483" h="38" zOrder="13">
      <font family=".AppleSystemUIFont" displayName="" postScript="" weightStyle="" weight="0" isBold="False" isItalic="False"/>
      <text>Number+of+unranked+matches%3A+10</text>
      <textColor>4294967295</textColor>
      <textSize>32</textSize>
      <lineSpacing>38</lineSpacing>
      <useDefaultTextSize>False</useDefaultTextSize>
      <selectedIndex>-1</selectedIndex>
    </control>
  </controls>
  <param>
    <backgroundColor>4294111986</backgroundColor>
    <fontSize>14</fontSize>
    <fontFamily/>
    <guideLines/>
  </param>
</mockup>