﻿<mockup version="4.9" minAllowVersion="4.9" ID="6EEFC316-36D5-E711-9E7D-784F439CD053" platform="MtWeb" defaultW="1100" defaultH="800" measureW="1100" measureH="800" mobileScreenScale="0">
  <controls controlCount="58">
    <control controlID="108397AA-34D0-E711-BD88-784F439CD053" controlTypeID="Shape" x="0" y="0" w="1100" h="59" zOrder="0">
      <color>4278190080</color>
      <font family=".AppleSystemUIFont" displayName="" postScript="" weightStyle="" weight="0" isBold="False" isItalic="False"/>
      <textSize>14</textSize>
      <lineSpacing>17</lineSpacing>
      <selectedIndex>-1</selectedIndex>
    </control>
    <control controlID="2616BAB3-19D5-E711-9E7D-784F439CD053" controlTypeID="Image" x="10" y="6" w="49" h="49" zOrder="1">
      <URL>49D3C5BCB9CA4ADC9722998339A0C7FB.png</URL>
    </control>
    <control controlID="76E6FF01-1AD5-E711-9E7D-784F439CD053" controlTypeID="Label" x="75" y="11" w="126" h="38" zOrder="2">
      <font family=".AppleSystemUIFont" displayName="" postScript="" weightStyle="" weight="0" isBold="False" isItalic="False"/>
      <text>BioWars</text>
      <textColor>4294967295</textColor>
      <textSize>32</textSize>
      <lineSpacing>38</lineSpacing>
      <useDefaultTextSize>False</useDefaultTextSize>
      <selectedIndex>-1</selectedIndex>
    </control>
    <control controlID="48D45DAD-1ED5-E711-9E7D-784F439CD053" controlTypeID="Tab" x="0" y="59" w="1100" h="741" zOrder="3">
      <links eventType="AtClick" animate="AmNone" animateAutoDelay="0" animateDuration="500">
        <link targetPageID="6209B228-1ED5-E711-9E7D-784F439CD053" linkType="ltPageLink" isApplyIncludePage="False" title="Main+Menu">
          <area shape="0" alt="" ID="{080D66E8-1DD6-E711-975D-784F439CD053}" coords="(0,0,106,25)"/>
        </link>
        <link targetPageID="B8D3F4D8-23D5-E711-9E7D-784F439CD053" linkType="ltPageLink" isApplyIncludePage="False" title="+Leaderboard">
          <area shape="0" alt="" ID="{6E1566E8-1DD6-E711-975D-784F439CD053}" coords="(105,0,228,25)"/>
        </link>
        <link targetPageID="6EEFC316-36D5-E711-9E7D-784F439CD053" linkType="ltPageLink" isApplyIncludePage="False" title="+My+Stats">
          <area shape="0" alt="" ID="{FA1566E8-1DD6-E711-975D-784F439CD053}" coords="(227,0,319,25)"/>
        </link>
        <link targetPageID="0434AF61-34D5-E711-9E7D-784F439CD053" linkType="ltPageLink" isApplyIncludePage="False" title="+Settings">
          <area shape="0" alt="" ID="{861666E8-1DD6-E711-975D-784F439CD053}" coords="(318,0,405,25)"/>
        </link>
      </links>
      <font family=".AppleSystemUIFont" displayName="" postScript="" weightStyle="" weight="0" isBold="False" isItalic="False"/>
      <text>Main+Menu%2C+Leaderboard%2C+My+Stats%2C+Settings</text>
      <textSize>18</textSize>
      <lineSpacing>21</lineSpacing>
      <useDefaultTextSize>False</useDefaultTextSize>
      <selectedIndex>2</selectedIndex>
      <tabHeight>25</tabHeight>
    </control>
    <control controlID="ACD17C7B-25D5-E711-9E7D-784F439CD053" controlTypeID="Image" x="0" y="90" w="1100" h="705" zOrder="4">
      <URL>FA0E20249BB4D6036417E2E9FC5B6469.png</URL>
    </control>
    <control controlID="BE957796-25D5-E711-9E7D-784F439CD053" controlTypeID="Shape" x="43" y="133" w="1010" h="612" zOrder="5">
      <font family=".AppleSystemUIFont" displayName="" postScript="" weightStyle="" weight="0" isBold="False" isItalic="False"/>
      <textSize>14</textSize>
      <lineSpacing>17</lineSpacing>
      <selectedIndex>-1</selectedIndex>
    </control>
    <control controlID="D4611D3C-34D5-E711-9E7D-784F439CD053" controlTypeID="Shape" x="43" y="133" w="1010" h="59" zOrder="6">
      <color>4284900966</color>
      <font family=".AppleSystemUIFont" displayName="" postScript="" weightStyle="" weight="0" isBold="False" isItalic="False"/>
      <textSize>14</textSize>
      <lineSpacing>17</lineSpacing>
      <selectedIndex>-1</selectedIndex>
    </control>
    <control controlID="9C7A2EAE-25D5-E711-9E7D-784F439CD053" controlTypeID="Label" x="484" y="143" w="135" h="38" zOrder="7">
      <font family=".AppleSystemUIFont" displayName="" postScript="" weightStyle="" weight="0" isBold="False" isItalic="False"/>
      <text>My+Stats</text>
      <textColor>4294967295</textColor>
      <textSize>32</textSize>
      <lineSpacing>38</lineSpacing>
      <useDefaultTextSize>False</useDefaultTextSize>
      <selectedIndex>-1</selectedIndex>
    </control>
    <control controlID="C2005289-34D5-E711-9E7D-784F439CD053" controlTypeID="Label" x="456" y="248" w="193" h="29" zOrder="8">
      <font family=".AppleSystemUIFont" displayName="" postScript="" weightStyle="" weight="0" isBold="False" isItalic="False"/>
      <text>Ranked+Matches%3A</text>
      <textSize>24</textSize>
      <lineSpacing>28</lineSpacing>
      <useDefaultTextSize>False</useDefaultTextSize>
      <selectedIndex>-1</selectedIndex>
    </control>
    <control controlID="042E4D96-35D5-E711-9E7D-784F439CD053" controlTypeID="Label" x="444" y="416" w="216" h="29" zOrder="9">
      <font family=".AppleSystemUIFont" displayName="" postScript="" weightStyle="" weight="0" isBold="False" isItalic="False"/>
      <text>Unranked+Matches%3A</text>
      <textSize>24</textSize>
      <lineSpacing>28</lineSpacing>
      <useDefaultTextSize>False</useDefaultTextSize>
      <selectedIndex>-1</selectedIndex>
    </control>
    <control controlID="AE46BEB2-35D5-E711-9E7D-784F439CD053" controlTypeID="Label" x="508" y="607" w="89" h="29" zOrder="10">
      <font family=".AppleSystemUIFont" displayName="" postScript="" weightStyle="" weight="0" isBold="False" isItalic="False"/>
      <text>Overall%3A</text>
      <textSize>24</textSize>
      <lineSpacing>28</lineSpacing>
      <useDefaultTextSize>False</useDefaultTextSize>
      <selectedIndex>-1</selectedIndex>
    </control>
    <control controlID="E44F3DA5-34D5-E711-9E7D-784F439CD053" controlTypeID="Label" x="133" y="293" w="47" h="21" zOrder="11">
      <font family=".AppleSystemUIFont" displayName="" postScript="" weightStyle="" weight="0" isBold="False" isItalic="False"/>
      <text>Wins</text>
      <textSize>18</textSize>
      <lineSpacing>21</lineSpacing>
      <useDefaultTextSize>False</useDefaultTextSize>
      <selectedIndex>-1</selectedIndex>
    </control>
    <control controlID="862E4D96-35D5-E711-9E7D-784F439CD053" controlTypeID="Label" x="133" y="462" w="47" h="21" zOrder="12">
      <font family=".AppleSystemUIFont" displayName="" postScript="" weightStyle="" weight="0" isBold="False" isItalic="False"/>
      <text>Wins</text>
      <textSize>18</textSize>
      <lineSpacing>21</lineSpacing>
      <useDefaultTextSize>False</useDefaultTextSize>
      <selectedIndex>-1</selectedIndex>
    </control>
    <control controlID="4E47BEB2-35D5-E711-9E7D-784F439CD053" controlTypeID="Label" x="133" y="646" w="47" h="21" zOrder="13">
      <font family=".AppleSystemUIFont" displayName="" postScript="" weightStyle="" weight="0" isBold="False" isItalic="False"/>
      <text>Wins</text>
      <textSize>18</textSize>
      <lineSpacing>21</lineSpacing>
      <useDefaultTextSize>False</useDefaultTextSize>
      <selectedIndex>-1</selectedIndex>
    </control>
    <control controlID="981B58B0-34D5-E711-9E7D-784F439CD053" controlTypeID="Label" x="286" y="293" w="63" h="21" zOrder="14">
      <font family=".AppleSystemUIFont" displayName="" postScript="" weightStyle="" weight="0" isBold="False" isItalic="False"/>
      <text>Losses</text>
      <textSize>18</textSize>
      <lineSpacing>21</lineSpacing>
      <useDefaultTextSize>False</useDefaultTextSize>
      <selectedIndex>-1</selectedIndex>
    </control>
    <control controlID="EA2E4D96-35D5-E711-9E7D-784F439CD053" controlTypeID="Label" x="286" y="462" w="63" h="21" zOrder="15">
      <font family=".AppleSystemUIFont" displayName="" postScript="" weightStyle="" weight="0" isBold="False" isItalic="False"/>
      <text>Losses</text>
      <textSize>18</textSize>
      <lineSpacing>21</lineSpacing>
      <useDefaultTextSize>False</useDefaultTextSize>
      <selectedIndex>-1</selectedIndex>
    </control>
    <control controlID="D047BEB2-35D5-E711-9E7D-784F439CD053" controlTypeID="Label" x="286" y="646" w="63" h="21" zOrder="16">
      <font family=".AppleSystemUIFont" displayName="" postScript="" weightStyle="" weight="0" isBold="False" isItalic="False"/>
      <text>Losses</text>
      <textSize>18</textSize>
      <lineSpacing>21</lineSpacing>
      <useDefaultTextSize>False</useDefaultTextSize>
      <selectedIndex>-1</selectedIndex>
    </control>
    <control controlID="D851EAB6-34D5-E711-9E7D-784F439CD053" controlTypeID="Label" x="465" y="293" w="84" h="21" zOrder="17">
      <font family=".AppleSystemUIFont" displayName="" postScript="" weightStyle="" weight="0" isBold="False" isItalic="False"/>
      <text>W%2FL+Ratio</text>
      <textSize>18</textSize>
      <lineSpacing>21</lineSpacing>
      <useDefaultTextSize>False</useDefaultTextSize>
      <selectedIndex>-1</selectedIndex>
    </control>
    <control controlID="442F4D96-35D5-E711-9E7D-784F439CD053" controlTypeID="Label" x="465" y="462" w="84" h="21" zOrder="18">
      <font family=".AppleSystemUIFont" displayName="" postScript="" weightStyle="" weight="0" isBold="False" isItalic="False"/>
      <text>W%2FL+Ratio</text>
      <textSize>18</textSize>
      <lineSpacing>21</lineSpacing>
      <useDefaultTextSize>False</useDefaultTextSize>
      <selectedIndex>-1</selectedIndex>
    </control>
    <control controlID="4848BEB2-35D5-E711-9E7D-784F439CD053" controlTypeID="Label" x="465" y="646" w="84" h="21" zOrder="19">
      <font family=".AppleSystemUIFont" displayName="" postScript="" weightStyle="" weight="0" isBold="False" isItalic="False"/>
      <text>W%2FL+Ratio</text>
      <textSize>18</textSize>
      <lineSpacing>21</lineSpacing>
      <useDefaultTextSize>False</useDefaultTextSize>
      <selectedIndex>-1</selectedIndex>
    </control>
    <control controlID="3A35ADC7-34D5-E711-9E7D-784F439CD053" controlTypeID="Label" x="851" y="293" w="86" h="21" zOrder="20">
      <font family=".AppleSystemUIFont" displayName="" postScript="" weightStyle="" weight="0" isBold="False" isItalic="False"/>
      <text>Play+Time</text>
      <textSize>18</textSize>
      <lineSpacing>21</lineSpacing>
      <useDefaultTextSize>False</useDefaultTextSize>
      <selectedIndex>-1</selectedIndex>
    </control>
    <control controlID="A82F4D96-35D5-E711-9E7D-784F439CD053" controlTypeID="Label" x="851" y="462" w="86" h="21" zOrder="21">
      <font family=".AppleSystemUIFont" displayName="" postScript="" weightStyle="" weight="0" isBold="False" isItalic="False"/>
      <text>Play+Time</text>
      <textSize>18</textSize>
      <lineSpacing>21</lineSpacing>
      <useDefaultTextSize>False</useDefaultTextSize>
      <selectedIndex>-1</selectedIndex>
    </control>
    <control controlID="CA48BEB2-35D5-E711-9E7D-784F439CD053" controlTypeID="Label" x="851" y="646" w="86" h="21" zOrder="22">
      <font family=".AppleSystemUIFont" displayName="" postScript="" weightStyle="" weight="0" isBold="False" isItalic="False"/>
      <text>Play+Time</text>
      <textSize>18</textSize>
      <lineSpacing>21</lineSpacing>
      <useDefaultTextSize>False</useDefaultTextSize>
      <selectedIndex>-1</selectedIndex>
    </control>
    <control controlID="E4357FDC-34D5-E711-9E7D-784F439CD053" controlTypeID="Label" x="683" y="293" w="47" h="21" zOrder="23">
      <font family=".AppleSystemUIFont" displayName="" postScript="" weightStyle="" weight="0" isBold="False" isItalic="False"/>
      <text>Rank</text>
      <textSize>18</textSize>
      <lineSpacing>21</lineSpacing>
      <useDefaultTextSize>False</useDefaultTextSize>
      <selectedIndex>-1</selectedIndex>
    </control>
    <control controlID="02304D96-35D5-E711-9E7D-784F439CD053" controlTypeID="Label" x="683" y="462" w="47" h="21" zOrder="24">
      <font family=".AppleSystemUIFont" displayName="" postScript="" weightStyle="" weight="0" isBold="False" isItalic="False"/>
      <text>Rank</text>
      <textSize>18</textSize>
      <lineSpacing>21</lineSpacing>
      <useDefaultTextSize>False</useDefaultTextSize>
      <selectedIndex>-1</selectedIndex>
    </control>
    <control controlID="4249BEB2-35D5-E711-9E7D-784F439CD053" controlTypeID="Label" x="683" y="646" w="47" h="21" zOrder="25">
      <font family=".AppleSystemUIFont" displayName="" postScript="" weightStyle="" weight="0" isBold="False" isItalic="False"/>
      <text>Rank</text>
      <textSize>18</textSize>
      <lineSpacing>21</lineSpacing>
      <useDefaultTextSize>False</useDefaultTextSize>
      <selectedIndex>-1</selectedIndex>
    </control>
    <control controlID="1C442031-35D5-E711-9E7D-784F439CD053" controlTypeID="Label" x="124" y="324" w="66" h="38" zOrder="26">
      <font family=".AppleSystemUIFont" displayName="" postScript="" weightStyle="" weight="0" isBold="False" isItalic="False"/>
      <text>100</text>
      <textColor>4278255411</textColor>
      <textSize>32</textSize>
      <lineSpacing>38</lineSpacing>
      <useDefaultTextSize>False</useDefaultTextSize>
      <selectedIndex>-1</selectedIndex>
    </control>
    <control controlID="66304D96-35D5-E711-9E7D-784F439CD053" controlTypeID="Label" x="124" y="493" w="66" h="38" zOrder="27">
      <font family=".AppleSystemUIFont" displayName="" postScript="" weightStyle="" weight="0" isBold="False" isItalic="False"/>
      <text>100</text>
      <textColor>4278255411</textColor>
      <textSize>32</textSize>
      <lineSpacing>38</lineSpacing>
      <useDefaultTextSize>False</useDefaultTextSize>
      <selectedIndex>-1</selectedIndex>
    </control>
    <control controlID="B049BEB2-35D5-E711-9E7D-784F439CD053" controlTypeID="Label" x="124" y="677" w="70" h="38" zOrder="28">
      <font family=".AppleSystemUIFont" displayName="" postScript="" weightStyle="" weight="0" isBold="False" isItalic="False"/>
      <text>200</text>
      <textColor>4278255411</textColor>
      <textSize>32</textSize>
      <lineSpacing>38</lineSpacing>
      <useDefaultTextSize>False</useDefaultTextSize>
      <selectedIndex>-1</selectedIndex>
    </control>
    <control controlID="5857AB38-35D5-E711-9E7D-784F439CD053" controlTypeID="Label" x="295" y="324" w="46" h="38" zOrder="29">
      <font family=".AppleSystemUIFont" displayName="" postScript="" weightStyle="" weight="0" isBold="False" isItalic="False"/>
      <text>10</text>
      <textColor>4294901760</textColor>
      <textSize>32</textSize>
      <lineSpacing>38</lineSpacing>
      <useDefaultTextSize>False</useDefaultTextSize>
      <selectedIndex>-1</selectedIndex>
    </control>
    <control controlID="C0304D96-35D5-E711-9E7D-784F439CD053" controlTypeID="Label" x="295" y="493" w="46" h="38" zOrder="30">
      <font family=".AppleSystemUIFont" displayName="" postScript="" weightStyle="" weight="0" isBold="False" isItalic="False"/>
      <text>10</text>
      <textColor>4294901760</textColor>
      <textSize>32</textSize>
      <lineSpacing>38</lineSpacing>
      <useDefaultTextSize>False</useDefaultTextSize>
      <selectedIndex>-1</selectedIndex>
    </control>
    <control controlID="1E4ABEB2-35D5-E711-9E7D-784F439CD053" controlTypeID="Label" x="295" y="677" w="50" h="38" zOrder="31">
      <font family=".AppleSystemUIFont" displayName="" postScript="" weightStyle="" weight="0" isBold="False" isItalic="False"/>
      <text>20</text>
      <textColor>4294901760</textColor>
      <textSize>32</textSize>
      <lineSpacing>38</lineSpacing>
      <useDefaultTextSize>False</useDefaultTextSize>
      <selectedIndex>-1</selectedIndex>
    </control>
    <control controlID="4E11193E-35D5-E711-9E7D-784F439CD053" controlTypeID="Label" x="484" y="324" w="46" h="38" zOrder="32">
      <font family=".AppleSystemUIFont" displayName="" postScript="" weightStyle="" weight="0" isBold="False" isItalic="False"/>
      <text>10</text>
      <textColor>4278255411</textColor>
      <textSize>32</textSize>
      <lineSpacing>38</lineSpacing>
      <useDefaultTextSize>False</useDefaultTextSize>
      <selectedIndex>-1</selectedIndex>
    </control>
    <control controlID="24314D96-35D5-E711-9E7D-784F439CD053" controlTypeID="Label" x="484" y="493" w="46" h="38" zOrder="33">
      <font family=".AppleSystemUIFont" displayName="" postScript="" weightStyle="" weight="0" isBold="False" isItalic="False"/>
      <text>10</text>
      <textColor>4278255411</textColor>
      <textSize>32</textSize>
      <lineSpacing>38</lineSpacing>
      <useDefaultTextSize>False</useDefaultTextSize>
      <selectedIndex>-1</selectedIndex>
    </control>
    <control controlID="964ABEB2-35D5-E711-9E7D-784F439CD053" controlTypeID="Label" x="484" y="677" w="46" h="38" zOrder="34">
      <font family=".AppleSystemUIFont" displayName="" postScript="" weightStyle="" weight="0" isBold="False" isItalic="False"/>
      <text>10</text>
      <textColor>4278255411</textColor>
      <textSize>32</textSize>
      <lineSpacing>38</lineSpacing>
      <useDefaultTextSize>False</useDefaultTextSize>
      <selectedIndex>-1</selectedIndex>
    </control>
    <control controlID="40C8BC41-35D5-E711-9E7D-784F439CD053" controlTypeID="Label" x="684" y="324" w="46" h="38" zOrder="35">
      <font family=".AppleSystemUIFont" displayName="" postScript="" weightStyle="" weight="0" isBold="False" isItalic="False"/>
      <text>10</text>
      <textSize>32</textSize>
      <lineSpacing>38</lineSpacing>
      <useDefaultTextSize>False</useDefaultTextSize>
      <selectedIndex>-1</selectedIndex>
    </control>
    <control controlID="7E314D96-35D5-E711-9E7D-784F439CD053" controlTypeID="Label" x="684" y="493" w="63" h="38" zOrder="36">
      <font family=".AppleSystemUIFont" displayName="" postScript="" weightStyle="" weight="0" isBold="False" isItalic="False"/>
      <text>N%2FA</text>
      <textSize>32</textSize>
      <lineSpacing>38</lineSpacing>
      <useDefaultTextSize>False</useDefaultTextSize>
      <selectedIndex>-1</selectedIndex>
    </control>
    <control controlID="044BBEB2-35D5-E711-9E7D-784F439CD053" controlTypeID="Label" x="684" y="677" w="63" h="38" zOrder="37">
      <font family=".AppleSystemUIFont" displayName="" postScript="" weightStyle="" weight="0" isBold="False" isItalic="False"/>
      <text>N%2FA</text>
      <textSize>32</textSize>
      <lineSpacing>38</lineSpacing>
      <useDefaultTextSize>False</useDefaultTextSize>
      <selectedIndex>-1</selectedIndex>
    </control>
    <control controlID="6E6A7B44-35D5-E711-9E7D-784F439CD053" controlTypeID="Label" x="778" y="323" w="187" h="38" zOrder="38">
      <font family=".AppleSystemUIFont" displayName="" postScript="" weightStyle="" weight="0" isBold="False" isItalic="False"/>
      <text>1d+2h+3m+4s</text>
      <textSize>32</textSize>
      <lineSpacing>38</lineSpacing>
      <useDefaultTextSize>False</useDefaultTextSize>
      <selectedIndex>-1</selectedIndex>
    </control>
    <control controlID="D8314D96-35D5-E711-9E7D-784F439CD053" controlTypeID="Label" x="779" y="494" w="187" h="38" zOrder="39">
      <font family=".AppleSystemUIFont" displayName="" postScript="" weightStyle="" weight="0" isBold="False" isItalic="False"/>
      <text>1d+2h+3m+4s</text>
      <textSize>32</textSize>
      <lineSpacing>38</lineSpacing>
      <useDefaultTextSize>False</useDefaultTextSize>
      <selectedIndex>-1</selectedIndex>
    </control>
    <control controlID="724BBEB2-35D5-E711-9E7D-784F439CD053" controlTypeID="Label" x="776" y="677" w="192" h="38" zOrder="40">
      <font family=".AppleSystemUIFont" displayName="" postScript="" weightStyle="" weight="0" isBold="False" isItalic="False"/>
      <text>2d+4h+3m+4s</text>
      <textSize>32</textSize>
      <lineSpacing>38</lineSpacing>
      <useDefaultTextSize>False</useDefaultTextSize>
      <selectedIndex>-1</selectedIndex>
    </control>
    <control controlID="B4F1510E-36D5-E711-9E7D-784F439CD053" controlTypeID="Label" x="912" y="18" w="97" h="21" zOrder="41">
      <font family=".AppleSystemUIFont" displayName="" postScript="" weightStyle="" weight="0" isBold="False" isItalic="False"/>
      <text>Hello%2C+John</text>
      <textColor>4294967295</textColor>
      <textSize>18</textSize>
      <lineSpacing>21</lineSpacing>
      <useDefaultTextSize>False</useDefaultTextSize>
      <selectedIndex>-1</selectedIndex>
    </control>
    <control controlID="36F2510E-36D5-E711-9E7D-784F439CD053" controlTypeID="Label" x="1019" y="18" w="63" h="21" zOrder="42">
      <links eventType="AtClick" animate="AmNone" animateAutoDelay="0" animateDuration="500">
        <link targetPageID="1A3348C0-1DD5-E711-9E7D-784F439CD053" linkType="ltPageLink" isApplyIncludePage="False" title="Login">
          <area shape="0" alt="" ID="{16A22B97-24D6-E711-975D-784F439CD053}" coords="(0,0,63,21)"/>
        </link>
      </links>
      <font family=".AppleSystemUIFont" displayName="" postScript="" weightStyle="" weight="0" isBold="False" isItalic="False"/>
      <text>Logout</text>
      <textColor>4294967295</textColor>
      <textSize>18</textSize>
      <lineSpacing>21</lineSpacing>
      <useDefaultTextSize>False</useDefaultTextSize>
      <selectedIndex>-1</selectedIndex>
    </control>
    <control controlID="2A622307-3AD5-E711-9E7D-784F439CD053" controlTypeID="Line" x="115" y="319" w="874" h="2" zOrder="43">
      <font family=".AppleSystemUIFont" displayName="" postScript="" weightStyle="" weight="0" isBold="False" isItalic="False"/>
      <textSize>14</textSize>
      <lineSpacing>17</lineSpacing>
      <selectedIndex>-1</selectedIndex>
      <controlPoint>(438,1)</controlPoint>
      <startPoint>(1,1)</startPoint>
      <endPoint>(874,1)</endPoint>
    </control>
    <control controlID="22D6BF30-3AD5-E711-9E7D-784F439CD053" controlTypeID="Line" x="115" y="360" w="874" h="2" zOrder="44">
      <font family=".AppleSystemUIFont" displayName="" postScript="" weightStyle="" weight="0" isBold="False" isItalic="False"/>
      <textSize>14</textSize>
      <lineSpacing>17</lineSpacing>
      <selectedIndex>-1</selectedIndex>
      <controlPoint>(438,1)</controlPoint>
      <startPoint>(1,1)</startPoint>
      <endPoint>(874,1)</endPoint>
    </control>
    <control controlID="1A80E734-3AD5-E711-9E7D-784F439CD053" controlTypeID="Line" x="115" y="529" w="874" h="2" zOrder="45">
      <font family=".AppleSystemUIFont" displayName="" postScript="" weightStyle="" weight="0" isBold="False" isItalic="False"/>
      <textSize>14</textSize>
      <lineSpacing>17</lineSpacing>
      <selectedIndex>-1</selectedIndex>
      <controlPoint>(438,1)</controlPoint>
      <startPoint>(1,1)</startPoint>
      <endPoint>(874,1)</endPoint>
    </control>
    <control controlID="F61BE339-3AD5-E711-9E7D-784F439CD053" controlTypeID="Line" x="115" y="712" w="874" h="2" zOrder="46">
      <font family=".AppleSystemUIFont" displayName="" postScript="" weightStyle="" weight="0" isBold="False" isItalic="False"/>
      <textSize>14</textSize>
      <lineSpacing>17</lineSpacing>
      <selectedIndex>-1</selectedIndex>
      <controlPoint>(438,1)</controlPoint>
      <startPoint>(1,1)</startPoint>
      <endPoint>(874,1)</endPoint>
    </control>
    <control controlID="E05A3F0F-3AD5-E711-9E7D-784F439CD053" controlTypeID="Line" x="115" y="481" w="874" h="2" zOrder="47">
      <font family=".AppleSystemUIFont" displayName="" postScript="" weightStyle="" weight="0" isBold="False" isItalic="False"/>
      <textSize>14</textSize>
      <lineSpacing>17</lineSpacing>
      <selectedIndex>-1</selectedIndex>
      <controlPoint>(438,1)</controlPoint>
      <startPoint>(1,1)</startPoint>
      <endPoint>(874,1)</endPoint>
    </control>
    <control controlID="6AD4F013-3AD5-E711-9E7D-784F439CD053" controlTypeID="Line" x="115" y="665" w="874" h="2" zOrder="48">
      <font family=".AppleSystemUIFont" displayName="" postScript="" weightStyle="" weight="0" isBold="False" isItalic="False"/>
      <textSize>14</textSize>
      <lineSpacing>17</lineSpacing>
      <selectedIndex>-1</selectedIndex>
      <controlPoint>(438,1)</controlPoint>
      <startPoint>(1,1)</startPoint>
      <endPoint>(874,1)</endPoint>
    </control>
    <control controlID="F8E2741B-3AD5-E711-9E7D-784F439CD053" controlTypeID="Line" x="115" y="644" w="874" h="2" zOrder="49">
      <font family=".AppleSystemUIFont" displayName="" postScript="" weightStyle="" weight="0" isBold="False" isItalic="False"/>
      <textSize>14</textSize>
      <lineSpacing>17</lineSpacing>
      <selectedIndex>-1</selectedIndex>
      <controlPoint>(438,1)</controlPoint>
      <startPoint>(1,1)</startPoint>
      <endPoint>(874,1)</endPoint>
    </control>
    <control controlID="A812E21E-3AD5-E711-9E7D-784F439CD053" controlTypeID="Line" x="115" y="460" w="874" h="2" zOrder="50">
      <font family=".AppleSystemUIFont" displayName="" postScript="" weightStyle="" weight="0" isBold="False" isItalic="False"/>
      <textSize>14</textSize>
      <lineSpacing>17</lineSpacing>
      <selectedIndex>-1</selectedIndex>
      <controlPoint>(438,1)</controlPoint>
      <startPoint>(1,1)</startPoint>
      <endPoint>(874,1)</endPoint>
    </control>
    <control controlID="56C40523-3AD5-E711-9E7D-784F439CD053" controlTypeID="Line" x="115" y="291" w="874" h="2" zOrder="51">
      <font family=".AppleSystemUIFont" displayName="" postScript="" weightStyle="" weight="0" isBold="False" isItalic="False"/>
      <textSize>14</textSize>
      <lineSpacing>17</lineSpacing>
      <selectedIndex>-1</selectedIndex>
      <controlPoint>(438,1)</controlPoint>
      <startPoint>(1,1)</startPoint>
      <endPoint>(874,1)</endPoint>
    </control>
    <control controlID="D09B6044-3AD5-E711-9E7D-784F439CD053" controlTypeID="Line" x="116" y="291" w="2" h="70" zOrder="52">
      <font family=".AppleSystemUIFont" displayName="" postScript="" weightStyle="" weight="0" isBold="False" isItalic="False"/>
      <textSize>14</textSize>
      <lineSpacing>17</lineSpacing>
      <selectedIndex>-1</selectedIndex>
      <controlPoint>(1,36)</controlPoint>
      <startPoint>(1,1)</startPoint>
      <endPoint>(1,70)</endPoint>
    </control>
    <control controlID="725CB14A-3AD5-E711-9E7D-784F439CD053" controlTypeID="Line" x="987" y="291" w="2" h="70" zOrder="53">
      <font family=".AppleSystemUIFont" displayName="" postScript="" weightStyle="" weight="0" isBold="False" isItalic="False"/>
      <textSize>14</textSize>
      <lineSpacing>17</lineSpacing>
      <selectedIndex>-1</selectedIndex>
      <controlPoint>(1,36)</controlPoint>
      <startPoint>(1,1)</startPoint>
      <endPoint>(1,70)</endPoint>
    </control>
    <control controlID="7269004E-3AD5-E711-9E7D-784F439CD053" controlTypeID="Line" x="987" y="462" w="2" h="70" zOrder="54">
      <font family=".AppleSystemUIFont" displayName="" postScript="" weightStyle="" weight="0" isBold="False" isItalic="False"/>
      <textSize>14</textSize>
      <lineSpacing>17</lineSpacing>
      <selectedIndex>-1</selectedIndex>
      <controlPoint>(1,36)</controlPoint>
      <startPoint>(1,1)</startPoint>
      <endPoint>(1,70)</endPoint>
    </control>
    <control controlID="F2007F53-3AD5-E711-9E7D-784F439CD053" controlTypeID="Line" x="115" y="462" w="2" h="70" zOrder="55">
      <font family=".AppleSystemUIFont" displayName="" postScript="" weightStyle="" weight="0" isBold="False" isItalic="False"/>
      <textSize>14</textSize>
      <lineSpacing>17</lineSpacing>
      <selectedIndex>-1</selectedIndex>
      <controlPoint>(1,36)</controlPoint>
      <startPoint>(1,1)</startPoint>
      <endPoint>(1,70)</endPoint>
    </control>
    <control controlID="F69EDD57-3AD5-E711-9E7D-784F439CD053" controlTypeID="Line" x="115" y="644" w="2" h="70" zOrder="56">
      <font family=".AppleSystemUIFont" displayName="" postScript="" weightStyle="" weight="0" isBold="False" isItalic="False"/>
      <textSize>14</textSize>
      <lineSpacing>17</lineSpacing>
      <selectedIndex>-1</selectedIndex>
      <controlPoint>(1,36)</controlPoint>
      <startPoint>(1,1)</startPoint>
      <endPoint>(1,70)</endPoint>
    </control>
    <control controlID="6022F75A-3AD5-E711-9E7D-784F439CD053" controlTypeID="Line" x="987" y="644" w="2" h="70" zOrder="57">
      <font family=".AppleSystemUIFont" displayName="" postScript="" weightStyle="" weight="0" isBold="False" isItalic="False"/>
      <textSize>14</textSize>
      <lineSpacing>17</lineSpacing>
      <selectedIndex>-1</selectedIndex>
      <controlPoint>(1,36)</controlPoint>
      <startPoint>(1,1)</startPoint>
      <endPoint>(1,70)</endPoint>
    </control>
  </controls>
  <param>
    <backgroundColor>4294111986</backgroundColor>
    <fontSize>14</fontSize>
    <fontFamily/>
    <guideLines/>
  </param>
</mockup>