﻿<mockup version="4.9" minAllowVersion="4.9" ID="B8D3F4D8-23D5-E711-9E7D-784F439CD053" platform="MtWeb" defaultW="1100" defaultH="800" measureW="1100" measureH="800" mobileScreenScale="0">
  <controls controlCount="38">
    <control controlID="108397AA-34D0-E711-BD88-784F439CD053" controlTypeID="Shape" x="0" y="0" w="1100" h="59" zOrder="0">
      <color>4278190080</color>
      <font family=".AppleSystemUIFont" displayName="" postScript="" weightStyle="" weight="0" isBold="False" isItalic="False"/>
      <textSize>14</textSize>
      <lineSpacing>17</lineSpacing>
      <selectedIndex>-1</selectedIndex>
    </control>
    <control controlID="2616BAB3-19D5-E711-9E7D-784F439CD053" controlTypeID="Image" x="10" y="6" w="49" h="49" zOrder="1">
      <URL>49D3C5BCB9CA4ADC9722998339A0C7FB.png</URL>
    </control>
    <control controlID="76E6FF01-1AD5-E711-9E7D-784F439CD053" controlTypeID="Label" x="75" y="11" w="126" h="38" zOrder="2">
      <font family=".AppleSystemUIFont" displayName="" postScript="" weightStyle="" weight="0" isBold="False" isItalic="False"/>
      <text>BioWars</text>
      <textColor>4294967295</textColor>
      <textSize>32</textSize>
      <lineSpacing>38</lineSpacing>
      <useDefaultTextSize>False</useDefaultTextSize>
      <selectedIndex>-1</selectedIndex>
    </control>
    <control controlID="48D45DAD-1ED5-E711-9E7D-784F439CD053" controlTypeID="Tab" x="0" y="59" w="1100" h="741" zOrder="3">
      <links eventType="AtClick" animate="AmNone" animateAutoDelay="0" animateDuration="500">
        <link targetPageID="6209B228-1ED5-E711-9E7D-784F439CD053" linkType="ltPageLink" isApplyIncludePage="False" title="Main+Menu">
          <area shape="0" alt="" ID="{0AB7CE47-1DD6-E711-975D-784F439CD053}" coords="(0,0,106,25)"/>
        </link>
        <link targetPageID="B8D3F4D8-23D5-E711-9E7D-784F439CD053" linkType="ltPageLink" isApplyIncludePage="False" title="+Leaderboard">
          <area shape="0" alt="" ID="{3ABECE47-1DD6-E711-975D-784F439CD053}" coords="(105,0,228,25)"/>
        </link>
        <link targetPageID="6EEFC316-36D5-E711-9E7D-784F439CD053" linkType="ltPageLink" isApplyIncludePage="False" title="+My+Stats">
          <area shape="0" alt="" ID="{BCBECE47-1DD6-E711-975D-784F439CD053}" coords="(227,0,319,25)"/>
        </link>
        <link targetPageID="0434AF61-34D5-E711-9E7D-784F439CD053" linkType="ltPageLink" isApplyIncludePage="False" title="+Settings">
          <area shape="0" alt="" ID="{3EBFCE47-1DD6-E711-975D-784F439CD053}" coords="(318,0,405,25)"/>
        </link>
      </links>
      <font family=".AppleSystemUIFont" displayName="" postScript="" weightStyle="" weight="0" isBold="False" isItalic="False"/>
      <text>Main+Menu%2C+Leaderboard%2C+My+Stats%2C+Settings</text>
      <textSize>18</textSize>
      <lineSpacing>21</lineSpacing>
      <useDefaultTextSize>False</useDefaultTextSize>
      <selectedIndex>1</selectedIndex>
      <tabHeight>25</tabHeight>
    </control>
    <control controlID="ACD17C7B-25D5-E711-9E7D-784F439CD053" controlTypeID="Image" x="0" y="90" w="1100" h="705" zOrder="4">
      <URL>FA0E20249BB4D6036417E2E9FC5B6469.png</URL>
    </control>
    <control controlID="BE957796-25D5-E711-9E7D-784F439CD053" controlTypeID="Shape" x="43" y="133" w="1010" h="612" zOrder="5">
      <font family=".AppleSystemUIFont" displayName="" postScript="" weightStyle="" weight="0" isBold="False" isItalic="False"/>
      <textSize>14</textSize>
      <lineSpacing>17</lineSpacing>
      <selectedIndex>-1</selectedIndex>
    </control>
    <control controlID="D4611D3C-34D5-E711-9E7D-784F439CD053" controlTypeID="Shape" x="43" y="133" w="1010" h="59" zOrder="6">
      <color>4284900966</color>
      <font family=".AppleSystemUIFont" displayName="" postScript="" weightStyle="" weight="0" isBold="False" isItalic="False"/>
      <textSize>14</textSize>
      <lineSpacing>17</lineSpacing>
      <selectedIndex>-1</selectedIndex>
    </control>
    <control controlID="9C7A2EAE-25D5-E711-9E7D-784F439CD053" controlTypeID="Label" x="453" y="142" w="191" h="38" zOrder="7">
      <font family=".AppleSystemUIFont" displayName="" postScript="" weightStyle="" weight="0" isBold="False" isItalic="False"/>
      <text>Leaderboard</text>
      <textColor>4294967295</textColor>
      <textSize>32</textSize>
      <lineSpacing>38</lineSpacing>
      <useDefaultTextSize>False</useDefaultTextSize>
      <selectedIndex>-1</selectedIndex>
    </control>
    <control controlID="1E6B9CCD-25D5-E711-9E7D-784F439CD053" controlTypeID="Shape" x="63" y="238" w="970" h="67" zOrder="8">
      <font family=".AppleSystemUIFont" displayName="" postScript="" weightStyle="" weight="0" isBold="False" isItalic="False"/>
      <textSize>14</textSize>
      <lineSpacing>17</lineSpacing>
      <selectedIndex>-1</selectedIndex>
    </control>
    <control controlID="906687ED-25D5-E711-9E7D-784F439CD053" controlTypeID="Shape" x="63" y="305" w="970" h="67" zOrder="9">
      <font family=".AppleSystemUIFont" displayName="" postScript="" weightStyle="" weight="0" isBold="False" isItalic="False"/>
      <textSize>14</textSize>
      <lineSpacing>17</lineSpacing>
      <selectedIndex>-1</selectedIndex>
    </control>
    <control controlID="5C11DBF0-25D5-E711-9E7D-784F439CD053" controlTypeID="Shape" x="63" y="372" w="970" h="67" zOrder="10">
      <font family=".AppleSystemUIFont" displayName="" postScript="" weightStyle="" weight="0" isBold="False" isItalic="False"/>
      <textSize>14</textSize>
      <lineSpacing>17</lineSpacing>
      <selectedIndex>-1</selectedIndex>
    </control>
    <control controlID="B637AAF6-25D5-E711-9E7D-784F439CD053" controlTypeID="Shape" x="63" y="439" w="970" h="67" zOrder="11">
      <font family=".AppleSystemUIFont" displayName="" postScript="" weightStyle="" weight="0" isBold="False" isItalic="False"/>
      <textSize>14</textSize>
      <lineSpacing>17</lineSpacing>
      <selectedIndex>-1</selectedIndex>
    </control>
    <control controlID="E8F4DA03-26D5-E711-9E7D-784F439CD053" controlTypeID="Label" x="73" y="256" w="23" h="33" zOrder="12">
      <font family=".AppleSystemUIFont" displayName="" postScript="" weightStyle="" weight="0" isBold="False" isItalic="False"/>
      <text>1</text>
      <textSize>28</textSize>
      <lineSpacing>33</lineSpacing>
      <useDefaultTextSize>False</useDefaultTextSize>
      <selectedIndex>-1</selectedIndex>
    </control>
    <control controlID="2613F910-26D5-E711-9E7D-784F439CD053" controlTypeID="Label" x="75" y="322" w="27" h="33" zOrder="13">
      <font family=".AppleSystemUIFont" displayName="" postScript="" weightStyle="" weight="0" isBold="False" isItalic="False"/>
      <text>2</text>
      <textSize>28</textSize>
      <lineSpacing>33</lineSpacing>
      <useDefaultTextSize>False</useDefaultTextSize>
      <selectedIndex>-1</selectedIndex>
    </control>
    <control controlID="865F1C14-26D5-E711-9E7D-784F439CD053" controlTypeID="Label" x="75" y="390" w="27" h="33" zOrder="14">
      <font family=".AppleSystemUIFont" displayName="" postScript="" weightStyle="" weight="0" isBold="False" isItalic="False"/>
      <text>3</text>
      <textSize>28</textSize>
      <lineSpacing>33</lineSpacing>
      <useDefaultTextSize>False</useDefaultTextSize>
      <selectedIndex>-1</selectedIndex>
    </control>
    <control controlID="58BC501A-26D5-E711-9E7D-784F439CD053" controlTypeID="Label" x="73" y="456" w="28" h="33" zOrder="15">
      <font family=".AppleSystemUIFont" displayName="" postScript="" weightStyle="" weight="0" isBold="False" isItalic="False"/>
      <text>4</text>
      <textSize>28</textSize>
      <lineSpacing>33</lineSpacing>
      <useDefaultTextSize>False</useDefaultTextSize>
      <selectedIndex>-1</selectedIndex>
    </control>
    <control controlID="708F323E-26D5-E711-9E7D-784F439CD053" controlTypeID="Label" x="152" y="258" w="162" h="29" zOrder="16">
      <font family=".AppleSystemUIFont" displayName="" postScript="" weightStyle="" weight="0" isBold="False" isItalic="False"/>
      <text>Mickey+Mouse</text>
      <textSize>24</textSize>
      <lineSpacing>28</lineSpacing>
      <useDefaultTextSize>False</useDefaultTextSize>
      <selectedIndex>-1</selectedIndex>
    </control>
    <control controlID="DC8B4B4E-26D5-E711-9E7D-784F439CD053" controlTypeID="Label" x="152" y="324" w="146" h="29" zOrder="17">
      <font family=".AppleSystemUIFont" displayName="" postScript="" weightStyle="" weight="0" isBold="False" isItalic="False"/>
      <text>Donald+Duck</text>
      <textSize>24</textSize>
      <lineSpacing>28</lineSpacing>
      <useDefaultTextSize>False</useDefaultTextSize>
      <selectedIndex>-1</selectedIndex>
    </control>
    <control controlID="A080DB50-26D5-E711-9E7D-784F439CD053" controlTypeID="Label" x="152" y="390" w="159" h="29" zOrder="18">
      <font family=".AppleSystemUIFont" displayName="" postScript="" weightStyle="" weight="0" isBold="False" isItalic="False"/>
      <text>Donald+Trump</text>
      <textSize>24</textSize>
      <lineSpacing>28</lineSpacing>
      <useDefaultTextSize>False</useDefaultTextSize>
      <selectedIndex>-1</selectedIndex>
    </control>
    <control controlID="FA94E852-26D5-E711-9E7D-784F439CD053" controlTypeID="Label" x="152" y="458" w="151" h="29" zOrder="19">
      <font family=".AppleSystemUIFont" displayName="" postScript="" weightStyle="" weight="0" isBold="False" isItalic="False"/>
      <text>Hilary+Clinton</text>
      <textSize>24</textSize>
      <lineSpacing>28</lineSpacing>
      <useDefaultTextSize>False</useDefaultTextSize>
      <selectedIndex>-1</selectedIndex>
    </control>
    <control controlID="B8759368-26D5-E711-9E7D-784F439CD053" controlTypeID="Label" x="385" y="260" w="42" h="24" zOrder="20">
      <font family=".AppleSystemUIFont" displayName="" postScript="" weightStyle="" weight="0" isBold="False" isItalic="False"/>
      <text>100</text>
      <textSize>20</textSize>
      <lineSpacing>23</lineSpacing>
      <useDefaultTextSize>False</useDefaultTextSize>
      <selectedIndex>-1</selectedIndex>
    </control>
    <control controlID="20587AF5-26D5-E711-9E7D-784F439CD053" controlTypeID="Label" x="622" y="260" w="60" h="24" zOrder="21">
      <font family=".AppleSystemUIFont" displayName="" postScript="" weightStyle="" weight="0" isBold="False" isItalic="False"/>
      <text>100%3A0</text>
      <textSize>20</textSize>
      <lineSpacing>23</lineSpacing>
      <useDefaultTextSize>False</useDefaultTextSize>
      <selectedIndex>-1</selectedIndex>
    </control>
    <control controlID="30D9D6FD-26D5-E711-9E7D-784F439CD053" controlTypeID="Label" x="622" y="326" w="60" h="24" zOrder="22">
      <font family=".AppleSystemUIFont" displayName="" postScript="" weightStyle="" weight="0" isBold="False" isItalic="False"/>
      <text>100%3A0</text>
      <textSize>20</textSize>
      <lineSpacing>23</lineSpacing>
      <useDefaultTextSize>False</useDefaultTextSize>
      <selectedIndex>-1</selectedIndex>
    </control>
    <control controlID="8CAC470D-27D5-E711-9E7D-784F439CD053" controlTypeID="Label" x="622" y="388" w="60" h="24" zOrder="23">
      <font family=".AppleSystemUIFont" displayName="" postScript="" weightStyle="" weight="0" isBold="False" isItalic="False"/>
      <text>100%3A0</text>
      <textSize>20</textSize>
      <lineSpacing>23</lineSpacing>
      <useDefaultTextSize>False</useDefaultTextSize>
      <selectedIndex>-1</selectedIndex>
    </control>
    <control controlID="CE950411-27D5-E711-9E7D-784F439CD053" controlTypeID="Label" x="622" y="460" w="60" h="24" zOrder="24">
      <font family=".AppleSystemUIFont" displayName="" postScript="" weightStyle="" weight="0" isBold="False" isItalic="False"/>
      <text>100%3A0</text>
      <textSize>20</textSize>
      <lineSpacing>23</lineSpacing>
      <useDefaultTextSize>False</useDefaultTextSize>
      <selectedIndex>-1</selectedIndex>
    </control>
    <control controlID="AE66DF76-26D5-E711-9E7D-784F439CD053" controlTypeID="Label" x="385" y="326" w="42" h="24" zOrder="25">
      <font family=".AppleSystemUIFont" displayName="" postScript="" weightStyle="" weight="0" isBold="False" isItalic="False"/>
      <text>100</text>
      <textSize>20</textSize>
      <lineSpacing>23</lineSpacing>
      <useDefaultTextSize>False</useDefaultTextSize>
      <selectedIndex>-1</selectedIndex>
    </control>
    <control controlID="4255207C-26D5-E711-9E7D-784F439CD053" controlTypeID="Label" x="385" y="395" w="42" h="24" zOrder="26">
      <font family=".AppleSystemUIFont" displayName="" postScript="" weightStyle="" weight="0" isBold="False" isItalic="False"/>
      <text>100</text>
      <textSize>20</textSize>
      <lineSpacing>23</lineSpacing>
      <useDefaultTextSize>False</useDefaultTextSize>
      <selectedIndex>-1</selectedIndex>
    </control>
    <control controlID="A854D07F-26D5-E711-9E7D-784F439CD053" controlTypeID="Label" x="385" y="463" w="42" h="24" zOrder="27">
      <font family=".AppleSystemUIFont" displayName="" postScript="" weightStyle="" weight="0" isBold="False" isItalic="False"/>
      <text>100</text>
      <textSize>20</textSize>
      <lineSpacing>23</lineSpacing>
      <useDefaultTextSize>False</useDefaultTextSize>
      <selectedIndex>-1</selectedIndex>
    </control>
    <control controlID="640DC29B-26D5-E711-9E7D-784F439CD053" controlTypeID="Label" x="63" y="211" w="57" h="17" zOrder="28">
      <font family=".AppleSystemUIFont" displayName="" postScript="" weightStyle="" weight="0" isBold="False" isItalic="False"/>
      <text>Position</text>
      <lineSpacing>17</lineSpacing>
      <selectedIndex>-1</selectedIndex>
    </control>
    <control controlID="1CEC3DA2-26D5-E711-9E7D-784F439CD053" controlTypeID="Label" x="179" y="212" w="72" h="17" zOrder="29">
      <font family=".AppleSystemUIFont" displayName="" postScript="" weightStyle="" weight="0" isBold="False" isItalic="False"/>
      <text>Username</text>
      <lineSpacing>17</lineSpacing>
      <selectedIndex>-1</selectedIndex>
    </control>
    <control controlID="987766A9-26D5-E711-9E7D-784F439CD053" controlTypeID="Label" x="387" y="212" w="38" h="17" zOrder="30">
      <font family=".AppleSystemUIFont" displayName="" postScript="" weightStyle="" weight="0" isBold="False" isItalic="False"/>
      <text>Rank</text>
      <lineSpacing>17</lineSpacing>
      <selectedIndex>-1</selectedIndex>
    </control>
    <control controlID="D22403BC-26D5-E711-9E7D-784F439CD053" controlTypeID="Label" x="915" y="267" w="108" h="17" zOrder="31">
      <font family=".AppleSystemUIFont" displayName="" postScript="" weightStyle="" weight="0" isBold="False" isItalic="False"/>
      <text>View+User+Stats</text>
      <textColor>4278190335</textColor>
      <lineSpacing>17</lineSpacing>
      <selectedIndex>-1</selectedIndex>
    </control>
    <control controlID="BCF599C9-26D5-E711-9E7D-784F439CD053" controlTypeID="Label" x="915" y="330" w="108" h="17" zOrder="32">
      <font family=".AppleSystemUIFont" displayName="" postScript="" weightStyle="" weight="0" isBold="False" isItalic="False"/>
      <text>View+User+Stats</text>
      <textColor>4278190335</textColor>
      <lineSpacing>17</lineSpacing>
      <selectedIndex>-1</selectedIndex>
    </control>
    <control controlID="8E1BBDCC-26D5-E711-9E7D-784F439CD053" controlTypeID="Label" x="915" y="395" w="108" h="17" zOrder="33">
      <font family=".AppleSystemUIFont" displayName="" postScript="" weightStyle="" weight="0" isBold="False" isItalic="False"/>
      <text>View+User+Stats</text>
      <textColor>4278190335</textColor>
      <lineSpacing>17</lineSpacing>
      <selectedIndex>-1</selectedIndex>
    </control>
    <control controlID="1CF843D1-26D5-E711-9E7D-784F439CD053" controlTypeID="Label" x="915" y="463" w="108" h="17" zOrder="34">
      <font family=".AppleSystemUIFont" displayName="" postScript="" weightStyle="" weight="0" isBold="False" isItalic="False"/>
      <text>View+User+Stats</text>
      <textColor>4278190335</textColor>
      <lineSpacing>17</lineSpacing>
      <selectedIndex>-1</selectedIndex>
    </control>
    <control controlID="3C8C59DF-26D5-E711-9E7D-784F439CD053" controlTypeID="Label" x="618" y="212" w="67" h="17" zOrder="35">
      <font family=".AppleSystemUIFont" displayName="" postScript="" weightStyle="" weight="0" isBold="False" isItalic="False"/>
      <text>W%2FL+Ratio</text>
      <lineSpacing>17</lineSpacing>
      <selectedIndex>-1</selectedIndex>
    </control>
    <control controlID="6AE7CC0A-36D5-E711-9E7D-784F439CD053" controlTypeID="Label" x="912" y="18" w="97" h="21" zOrder="36">
      <font family=".AppleSystemUIFont" displayName="" postScript="" weightStyle="" weight="0" isBold="False" isItalic="False"/>
      <text>Hello%2C+John</text>
      <textColor>4294967295</textColor>
      <textSize>18</textSize>
      <lineSpacing>21</lineSpacing>
      <useDefaultTextSize>False</useDefaultTextSize>
      <selectedIndex>-1</selectedIndex>
    </control>
    <control controlID="F6E7CC0A-36D5-E711-9E7D-784F439CD053" controlTypeID="Label" x="1019" y="18" w="63" h="21" zOrder="37">
      <links eventType="AtClick" animate="AmNone" animateAutoDelay="0" animateDuration="500">
        <link targetPageID="1A3348C0-1DD5-E711-9E7D-784F439CD053" linkType="ltPageLink" isApplyIncludePage="False" title="Login">
          <area shape="0" alt="" ID="{CE89208F-24D6-E711-975D-784F439CD053}" coords="(0,0,63,21)"/>
        </link>
      </links>
      <font family=".AppleSystemUIFont" displayName="" postScript="" weightStyle="" weight="0" isBold="False" isItalic="False"/>
      <text>Logout</text>
      <textColor>4294967295</textColor>
      <textSize>18</textSize>
      <lineSpacing>21</lineSpacing>
      <useDefaultTextSize>False</useDefaultTextSize>
      <selectedIndex>-1</selectedIndex>
    </control>
  </controls>
  <param>
    <backgroundColor>4294111986</backgroundColor>
    <fontSize>14</fontSize>
    <fontFamily/>
    <guideLines/>
  </param>
</mockup>