﻿<LinkSources version="1.02">
  <page ID="1A3348C0-1DD5-E711-9E7D-784F439CD053">
    <linkSource sourcePageID="84367A28-34D0-E711-BD88-784F439CD053" comID="9E555678-1AD5-E711-9E7D-784F439CD053" comLinkType="cltPageLink"/>
    <linkSource sourcePageID="84367A28-34D0-E711-BD88-784F439CD053" comID="BE8DFD53-1CD5-E711-9E7D-784F439CD053" comLinkType="cltPageLink"/>
    <linkSource sourcePageID="1A3348C0-1DD5-E711-9E7D-784F439CD053" comID="9E555678-1AD5-E711-9E7D-784F439CD053" comLinkType="cltPageLink"/>
    <linkSource sourcePageID="6209B228-1ED5-E711-9E7D-784F439CD053" comID="ECB4A37D-1AD5-E711-9E7D-784F439CD053" comLinkType="cltPageLink"/>
    <linkSource sourcePageID="B8D3F4D8-23D5-E711-9E7D-784F439CD053" comID="F6E7CC0A-36D5-E711-9E7D-784F439CD053" comLinkType="cltPageLink"/>
    <linkSource sourcePageID="0434AF61-34D5-E711-9E7D-784F439CD053" comID="36F2510E-36D5-E711-9E7D-784F439CD053" comLinkType="cltPageLink"/>
    <linkSource sourcePageID="6EEFC316-36D5-E711-9E7D-784F439CD053" comID="36F2510E-36D5-E711-9E7D-784F439CD053" comLinkType="cltPageLink"/>
    <linkSource sourcePageID="26DF37E1-3BD5-E711-9E7D-784F439CD053" comID="2EAC3594-19D6-E711-975D-784F439CD053" comLinkType="cltPageLink"/>
    <linkSource sourcePageID="C448852A-24D6-E711-975D-784F439CD053" comID="2EAC3594-19D6-E711-975D-784F439CD053" comLinkType="cltPageLink"/>
    <linkSource sourcePageID="18500F0E-3ED5-E711-9E7D-784F439CD053" comID="8AD00896-19D6-E711-975D-784F439CD053" comLinkType="cltPageLink"/>
    <linkSource sourcePageID="1CBDDA6D-3DD5-E711-9E7D-784F439CD053" comID="4871A298-19D6-E711-975D-784F439CD053" comLinkType="cltPageLink"/>
  </page>
  <page ID="B01E8DAA-1CD5-E711-9E7D-784F439CD053">
    <linkSource sourcePageID="84367A28-34D0-E711-BD88-784F439CD053" comID="ECB4A37D-1AD5-E711-9E7D-784F439CD053" comLinkType="cltPageLink"/>
    <linkSource sourcePageID="84367A28-34D0-E711-BD88-784F439CD053" comID="6AD81171-1CD5-E711-9E7D-784F439CD053" comLinkType="cltPageLink"/>
    <linkSource sourcePageID="1A3348C0-1DD5-E711-9E7D-784F439CD053" comID="ECB4A37D-1AD5-E711-9E7D-784F439CD053" comLinkType="cltPageLink"/>
  </page>
  <page ID="6209B228-1ED5-E711-9E7D-784F439CD053">
    <linkSource sourcePageID="1A3348C0-1DD5-E711-9E7D-784F439CD053" comID="50D1D52C-1DD5-E711-9E7D-784F439CD053" comLinkType="cltPageLink"/>
    <linkSource sourcePageID="B01E8DAA-1CD5-E711-9E7D-784F439CD053" comID="50D1D52C-1DD5-E711-9E7D-784F439CD053" comLinkType="cltPageLink"/>
    <linkSource sourcePageID="6209B228-1ED5-E711-9E7D-784F439CD053" comID="48D45DAD-1ED5-E711-9E7D-784F439CD053" comLinkType="cltPageLink"/>
    <linkSource sourcePageID="B8D3F4D8-23D5-E711-9E7D-784F439CD053" comID="48D45DAD-1ED5-E711-9E7D-784F439CD053" comLinkType="cltPageLink"/>
    <linkSource sourcePageID="0434AF61-34D5-E711-9E7D-784F439CD053" comID="48D45DAD-1ED5-E711-9E7D-784F439CD053" comLinkType="cltPageLink"/>
    <linkSource sourcePageID="6EEFC316-36D5-E711-9E7D-784F439CD053" comID="48D45DAD-1ED5-E711-9E7D-784F439CD053" comLinkType="cltPageLink"/>
  </page>
  <page ID="B8D3F4D8-23D5-E711-9E7D-784F439CD053">
    <linkSource sourcePageID="6209B228-1ED5-E711-9E7D-784F439CD053" comID="48D45DAD-1ED5-E711-9E7D-784F439CD053" comLinkType="cltPageLink"/>
    <linkSource sourcePageID="B8D3F4D8-23D5-E711-9E7D-784F439CD053" comID="48D45DAD-1ED5-E711-9E7D-784F439CD053" comLinkType="cltPageLink"/>
    <linkSource sourcePageID="0434AF61-34D5-E711-9E7D-784F439CD053" comID="48D45DAD-1ED5-E711-9E7D-784F439CD053" comLinkType="cltPageLink"/>
    <linkSource sourcePageID="6EEFC316-36D5-E711-9E7D-784F439CD053" comID="48D45DAD-1ED5-E711-9E7D-784F439CD053" comLinkType="cltPageLink"/>
  </page>
  <page ID="0434AF61-34D5-E711-9E7D-784F439CD053">
    <linkSource sourcePageID="6209B228-1ED5-E711-9E7D-784F439CD053" comID="48D45DAD-1ED5-E711-9E7D-784F439CD053" comLinkType="cltPageLink"/>
    <linkSource sourcePageID="B8D3F4D8-23D5-E711-9E7D-784F439CD053" comID="48D45DAD-1ED5-E711-9E7D-784F439CD053" comLinkType="cltPageLink"/>
    <linkSource sourcePageID="0434AF61-34D5-E711-9E7D-784F439CD053" comID="48D45DAD-1ED5-E711-9E7D-784F439CD053" comLinkType="cltPageLink"/>
    <linkSource sourcePageID="6EEFC316-36D5-E711-9E7D-784F439CD053" comID="48D45DAD-1ED5-E711-9E7D-784F439CD053" comLinkType="cltPageLink"/>
  </page>
  <page ID="6EEFC316-36D5-E711-9E7D-784F439CD053">
    <linkSource sourcePageID="6209B228-1ED5-E711-9E7D-784F439CD053" comID="48D45DAD-1ED5-E711-9E7D-784F439CD053" comLinkType="cltPageLink"/>
    <linkSource sourcePageID="B8D3F4D8-23D5-E711-9E7D-784F439CD053" comID="48D45DAD-1ED5-E711-9E7D-784F439CD053" comLinkType="cltPageLink"/>
    <linkSource sourcePageID="0434AF61-34D5-E711-9E7D-784F439CD053" comID="48D45DAD-1ED5-E711-9E7D-784F439CD053" comLinkType="cltPageLink"/>
    <linkSource sourcePageID="6EEFC316-36D5-E711-9E7D-784F439CD053" comID="48D45DAD-1ED5-E711-9E7D-784F439CD053" comLinkType="cltPageLink"/>
  </page>
  <page ID="26DF37E1-3BD5-E711-9E7D-784F439CD053">
    <linkSource sourcePageID="18500F0E-3ED5-E711-9E7D-784F439CD053" comID="325CED86-3ED5-E711-9E7D-784F439CD053" comLinkType="cltPageLink"/>
  </page>
  <page ID="C448852A-24D6-E711-975D-784F439CD053">
    <linkSource sourcePageID="26DF37E1-3BD5-E711-9E7D-784F439CD053" comID="B895CC1B-3DD5-E711-9E7D-784F439CD053" comLinkType="cltPageLink"/>
  </page>
  <page ID="18500F0E-3ED5-E711-9E7D-784F439CD053">
    <linkSource sourcePageID="6209B228-1ED5-E711-9E7D-784F439CD053" comID="D072E00D-24D5-E711-9E7D-784F439CD053" comLinkType="cltPageLink"/>
    <linkSource sourcePageID="6209B228-1ED5-E711-9E7D-784F439CD053" comID="6EABC31C-24D5-E711-9E7D-784F439CD053" comLinkType="cltPageLink"/>
  </page>
  <page ID="1CBDDA6D-3DD5-E711-9E7D-784F439CD053">
    <linkSource sourcePageID="C448852A-24D6-E711-975D-784F439CD053" comID="68AE5299-3ED5-E711-9E7D-784F439CD053" comLinkType="cltPageLink"/>
  </page>
  <page ID="80AF24D1-3ED5-E711-9E7D-784F439CD053">
    <linkSource sourcePageID="F8C859DE-19D6-E711-975D-784F439CD053" comID="5E1C75F5-19D6-E711-975D-784F439CD053" comLinkType="cltPageLink"/>
    <linkSource sourcePageID="1CBDDA6D-3DD5-E711-9E7D-784F439CD053" comID="62B8EE50-3CD5-E711-9E7D-784F439CD053" comLinkType="cltPageLink"/>
  </page>
  <page ID="F8C859DE-19D6-E711-975D-784F439CD053">
    <linkSource sourcePageID="80AF24D1-3ED5-E711-9E7D-784F439CD053" comID="88D7AECD-18D6-E711-975D-784F439CD053" comLinkType="cltPageLink"/>
  </page>
</LinkSources>